{
  "sentences": [
    "Artificial intelligence studies intelligent systems.",
    "Machine learning learns patterns from data.",
    "Deep learning is a subset of machine learning.",
    "Neural networks are widely used in AI systems."
  ],
  "information_gain": [
    1.0,
    0.6157605648040771,
    0.517734169960022,
    0.44261014461517334
  ],
  "sentence_labels": [
    "High novelty",
    "Moderate novelty",
    "Moderate novelty",
    "Moderate novelty"
  ],
  "redundancy": 0.46371713280677795,
  "similarity_matrix": [
    [
      1.0,
      0.38423940539360046,
      0.4177297353744507,
      0.5573898553848267
    ],
    [
      0.38423940539360046,
      0.9999997019767761,
      0.48226580023765564,
      0.4059925675392151
    ],
    [
      0.4177297353744507,
      0.48226580023765564,
      1.0,
      0.5346854329109192
    ],
    [
      0.5573898553848267,
      0.4059925675392151,
      0.5346854329109192,
      1.0000001192092896
    ]
  ],
  "entropy": 0.5623351446188083,
  "information_density": 0.34538024691946845
}